Ref #,Title,Link,Type,FP Number
GCF/B.43/02/Add.29,Consideration of funding proposals – Addendum XXIX Funding proposal package for FP264,https://www.greenclimate.fund/document/gcf-b43-02-add29,Action item,FP264
GCF/B.43/16,Status of approved funding proposals: adding host countries in respect of FP230 (“Kuali Fund-GCF”),https://www.greenclimate.fund/document/gcf-b43-16,Action item,FP230
GCF/B.43/14,Consideration of funding proposals: Extension of deadline in respect of FP224 (Renewstable Barbados Project),https://www.greenclimate.fund/document/gcf-b43-14,Action item,FP224
GCF/B.43/09,Consideration of funding proposals: extension of the deadline in respect of FP242 “Caribbean Net-Zero and Resilient Private Sector”,https://www.greenclimate.fund/document/gcf-b43-09,Action item,FP242
GCF/B.42/11,Consideration of funding proposals: extension of deadline in respect of FP221 (Rwanda Green Investment Facility (RGIF)),https://www.greenclimate.fund/document/gcf-b42-11,Action item,FP221
GCF/B.42/06,Status of approved funding proposals: adding host countries in respect of FP205 (“Infrastructure Climate Resilient Fund”),https://www.greenclimate.fund/document/gcf-b42-06,Action item,FP205
GCF/B.42/02/Add.11,Consideration of funding proposals – Addendum XI Funding proposal package for FP269,https://www.greenclimate.fund/document/gcf-b42-02-add11,Action item,FP269
GCF/B.42/02/Add.06,Consideration of funding proposals – Addendum VI Funding proposal package for FP264,https://www.greenclimate.fund/document/gcf-b42-02-add06,Action item,FP264
GCF/B.42/02/Add.12,Consideration of funding proposals – Addendum XII Funding proposal package for FP270,https://www.greenclimate.fund/document/gcf-b42-02-add12,Action item,FP270
GCF/B.42/02/Add.07,Consideration of funding proposals – Addendum VII Funding proposal package for FP265,https://www.greenclimate.fund/document/gcf-b42-02-add07,Action item,FP265
GCF/B.42/02/Add.13,Consideration of funding proposals – Addendum XIII Funding proposal package for FP271,https://www.greenclimate.fund/document/gcf-b42-02-add13,Action item,FP271
GCF/B.42/02/Add.08,Consideration of funding proposals – Addendum VIII Funding proposal package for FP266,https://www.greenclimate.fund/document/gcf-b42-02-add08,Action item,FP266
GCF/B.42/02/Add.09,Consideration of funding proposals – Addendum IX  Funding proposal package for FP267,https://www.greenclimate.fund/document/gcf-b42-02-add09,Action item,FP267
GCF/B.42/02/Add.15,Consideration of funding proposals – Addendum XV Funding proposal package for FP273,https://www.greenclimate.fund/document/gcf-b42-02-add15,Action item,FP273
GCF/B.42/02/Add.16,Consideration of funding proposals – Addendum XVI Funding proposal package for FP274,https://www.greenclimate.fund/document/gcf-b42-02-add16,Action item,FP274
GCF/B.42/02/Add.17,Consideration of funding proposals – Addendum XVII Funding proposal package for FP275,https://www.greenclimate.fund/document/gcf-b42-02-add17,Action item,FP275
GCF/B.42/02/Add.14,Consideration of funding proposals – Addendum XIV Funding proposal package for FP272,https://www.greenclimate.fund/document/gcf-b42-02-add14-0,Action item,FP272
GCF/B.42/02/Add.10,Consideration of funding proposals – Addendum X Funding proposal package for FP268,https://www.greenclimate.fund/document/gcf-b42-02-add10,Action item,FP268
GCF/B.42/07,Status of approved funding proposals: adding a host country in respect of FP211 (“Hardest-to-Reach”),https://www.greenclimate.fund/document/gcf-b42-07,Action item,FP211
GCF/B.42/05,Consideration of funding proposals: extension of the deadline in respect of FP153 (Mongolia Green Finance Corporation),https://www.greenclimate.fund/document/gcf-b42-05,Action item,FP153
GCF/B.41/02/Add.12/Rev.02,Consideration of funding proposals – Addendum XII Funding proposal package for FP264,https://www.greenclimate.fund/document/gcf-b41-02-add12-rev02,Action item,FP264
GCF/B.41/02/Add.09/Rev.01,Consideration of funding proposals – Addendum IX Funding proposal package for FP261,https://www.greenclimate.fund/document/gcf-b41-02-add09-rev01,Action item,FP261
GCF/B.41/02/Add.03,Consideration of funding proposals – Addendum III Funding proposal package for FP255,https://www.greenclimate.fund/document/gcf-b41-02-add03,Action item,FP255
GCF/B.41/02/Add.04,Consideration of funding proposals – Addendum IV Funding proposal package for FP256,https://www.greenclimate.fund/document/gcf-b41-02-add04,Action item,FP256
GCF/B.41/02/Add.05,Consideration of funding proposals – Addendum V Funding proposal package for FP257,https://www.greenclimate.fund/document/gcf-b41-02-add05,Action item,FP257
GCF/B.41/02/Add.06,Consideration of funding proposals – Addendum VI Funding proposal package for FP258,https://www.greenclimate.fund/document/gcf-b41-02-add06,Action item,FP258
GCF/B.41/02/Add.07,Consideration of funding proposals – Addendum VII Funding proposal package for FP259,https://www.greenclimate.fund/document/gcf-b41-02-add07,Action item,FP259
GCF/B.41/02/Add.08,Consideration of funding proposals – Addendum VIII Funding proposal package for FP260,https://www.greenclimate.fund/document/gcf-b41-02-add08,Action item,FP260
GCF/B.41/02/Add.10,Consideration of funding proposals – Addendum X Funding proposal package for FP262,https://www.greenclimate.fund/document/gcf-b41-02-add10,Action item,FP262
GCF/B.41/02/Add.11,Consideration of funding proposals – Addendum XI Funding proposal package for FP263,https://www.greenclimate.fund/document/gcf-b41-02-add11,Action item,FP263
GCF/B.40/02/Add.16/Rev.01,Consideration of funding proposals – Addendum XVI Funding proposal package for FP254,https://www.greenclimate.fund/document/gcf-b40-02-add16-rev01,Action item,FP254
GCF/B.40/02/Add.07/Rev.01,Consideration of funding proposals – Addendum VII Funding proposal package for FP245,https://www.greenclimate.fund/document/gcf-b40-02-add07-rev01,Action item,FP245
GCF/B.40/02/Add.14/Rev.01,Consideration of funding proposals – Addendum XIV Funding proposal package for FP252,https://www.greenclimate.fund/document/gcf-b40-02-add14-rev01,Action item,FP252
GCF/B.40/02/Add.10/Rev.01,Consideration of funding proposals – Addendum X Funding proposal package for FP248,https://www.greenclimate.fund/document/gcf-b40-02-add10-rev01,Action item,FP248
GCF/B.40/10,Consideration of funding proposals: Consideration of  a request for changes in the scope of funded activity FP077 (“Ulaanbaatar Green Affordable Housing and  Resilient Urban Renewal Project (AHURP)”),https://www.greenclimate.fund/document/gcf-b40-10,Action item,FP077
GCF/B.40/02/Add.05,Consideration of funding proposals – Addendum V Funding proposal package for FP243,https://www.greenclimate.fund/document/gcf-b40-02-add05,Action item,FP243
GCF/B.40/02/Add.06,Consideration of funding proposals – Addendum VI Funding proposal package for FP244,https://www.greenclimate.fund/document/gcf-b40-02-add06,Action item,FP244
GCF/B.40/02/Add.08,Consideration of funding proposals – Addendum VIII Funding proposal package for FP246,https://www.greenclimate.fund/document/gcf-b40-02-add08,Action item,FP246
GCF/B.40/02/Add.15,Consideration of funding proposals – Addendum XV Funding proposal package for FP253,https://www.greenclimate.fund/document/gcf-b40-02-add15,Action item,FP253
GCF/B.40/02/Add.09,Consideration of funding proposals – Addendum IX Funding proposal package for FP247,https://www.greenclimate.fund/document/gcf-b40-02-add09,Action item,FP247
GCF/B.40/02/Add.11,Consideration of funding proposals – Addendum XI Funding proposal package for FP249,https://www.greenclimate.fund/document/gcf-b40-02-add11,Action item,FP249
GCF/B.40/02/Add.13,Consideration of funding proposals – Addendum XIII Funding proposal package for FP251,https://www.greenclimate.fund/document/gcf-b40-02-add13,Action item,FP251
GCF/B.40/02/Add.12,Consideration of funding proposals – Addendum XII Funding proposal package for FP250,https://www.greenclimate.fund/document/gcf-b40-02-add12,Action item,FP250
GCF/B.39/07,Consideration of funding proposals: Consideration of a request for changes in the scope of funded activity FP037 (“Integrated Flood Management to Enhance Climate Resilience of the Vaisigano River Catchment in Samoa”),https://www.greenclimate.fund/document/gcf-b39-07,Action item,FP037
GCF/B.39/02/Add.07,Consideration of funding proposals - Addendum VII Funding proposal package for FP232,https://www.greenclimate.fund/document/gcf-b39-02-add07,Action item,FP232
GCF/B.39/02/Add.08,Consideration of funding proposals – Addendum VIII Funding proposal package for FP233,https://www.greenclimate.fund/document/gcf-b39-02-add08,Action item,FP233
GCF/B.39/02/Add.09/Rev.01,Consideration of funding proposals – Addendum IX Funding proposal package for FP234,https://www.greenclimate.fund/document/gcf-b39-02-add09-rev01,Action item,FP234
GCF/B.39/02/Add.10,Consideration of funding proposals - Addendum X  Funding proposal package for FP235,https://www.greenclimate.fund/document/gcf-b39-02-add10,Action item,FP235
GCF/B.39/02/Add.11,Consideration of funding proposals – Addendum XI Funding proposal package for FP236,https://www.greenclimate.fund/document/gcf-b39-02-add11,Action item,FP236
GCF/B.39/02/Add.12/Rev.01,Consideration of funding proposals – Addendum XIV Funding proposal package for FP237,https://www.greenclimate.fund/document/gcf-b39-02-add12-rev01,Action item,FP237
GCF/B.39/02/Add.13,Consideration of funding proposals - Addendum XIII Funding proposal package for FP238,https://www.greenclimate.fund/document/gcf-b39-02-add13,Action item,FP238
GCF/B.39/02/Add.14,Consideration of funding proposals – Addendum XIV Funding proposal package for FP239,https://www.greenclimate.fund/document/gcf-b39-02-add14,Action item,FP239
GCF/B.39/02/Add.15/Rev.01,Consideration of funding proposals – Addendum XV Funding proposal package for FP240,https://www.greenclimate.fund/document/gcf-b39-02-add15-rev01,Action item,FP240
GCF/B.39/02/Add.16/Rev.01,Consideration of funding proposals – Addendum XVI Funding proposal package for FP241,https://www.greenclimate.fund/document/gcf-b39-02-add16-rev01,Action item,FP241
GCF/B.39/02/Add.17,Consideration of funding proposals – Addendum XVII Funding proposal package for FP242,https://www.greenclimate.fund/document/gcf-b39-02-add17,Action item,FP242
GCF/B.38/02/Add.06,Consideration of funding proposals – Addendum VI Funding proposal package for FP226,https://www.greenclimate.fund/document/gcf-b38-02-add06,Action item,FP226
GCF/B.38/02/Add.07,Consideration of funding proposals – Addendum VII Funding proposal package for FP227,https://www.greenclimate.fund/document/gcf-b38-02-add07,Action item,FP227
GCF/B.38/02/Add.08,Consideration of funding proposals – Addendum VIII Funding proposal package for FP228,https://www.greenclimate.fund/document/gcf-b38-02-add08,Action item,FP228
GCF/B.38/02/Add.09,Consideration of funding proposals – Addendum IX Funding proposal package for FP229,https://www.greenclimate.fund/document/gcf-b38-02-add09,Action item,FP229
GCF/B.38/02/Add.10,Consideration of funding proposals – Addendum X Funding proposal package for FP230,https://www.greenclimate.fund/document/gcf-b38-02-add10,Action item,FP230
GCF/B.38/02/Add.11,Consideration of funding proposals – Addendum XI Funding proposal package for FP231,https://www.greenclimate.fund/document/gcf-b38-02-add11,Action item,FP231
GCF/B.37/02/Add.07,Consideration of funding proposals – Addendum VII Funding proposal package for FP216,https://www.greenclimate.fund/document/gcf-b37-02-add07,Action item,FP216
GCF/B.37/02/Add.08,Consideration of funding proposals – Addendum VIII Funding proposal package for FP217,https://www.greenclimate.fund/document/gcf-b37-02-add08,Action item,FP217
GCF/B.37/07,Status of approved funding proposals: adding host countries in respect of FP086 (Green Cities Facility),https://www.greenclimate.fund/document/gcf-b37-07,Action item,FP086
GCF/B.37/02/Add.05,Consideration of funding proposals – Addendum V Funding proposal package for FP214,https://www.greenclimate.fund/document/gcf-b37-02-add05,Action item,FP214
GCF/B.37/02/Add.06,Consideration of funding proposals – Addendum VI Funding proposal package for FP215,https://www.greenclimate.fund/document/gcf-b37-02-add06,Action item,FP215
GCF/B.37/02/Add.10,Consideration of funding proposals – Addendum X Funding proposal package for FP219,https://www.greenclimate.fund/document/gcf-b37-02-add10,Action item,FP219
GCF/B.37/02/Add.11,Consideration of funding proposals – Addendum XI Funding proposal package for FP220,https://www.greenclimate.fund/document/gcf-b37-02-add11,Action item,FP220
GCF/B.37/02/Add.12,Consideration of funding proposals – Addendum XII Funding proposal package for FP221,https://www.greenclimate.fund/document/gcf-b37-02-add12,Action item,FP221
GCF/B.37/02/Add.13,Consideration of funding proposals – Addendum XIII Funding proposal package for FP222,https://www.greenclimate.fund/document/gcf-b37-02-add13,Action item,FP222
GCF/B.37/02/Add.14,Consideration of funding proposals – Addendum XIV Funding proposal package for FP223,https://www.greenclimate.fund/document/gcf-b37-02-add14,Action item,FP223
GCF/B.37/02/Add.15,Consideration of funding proposals – Addendum XV Funding proposal package for FP224,https://www.greenclimate.fund/document/gcf-b37-02-add15,Action item,FP224
GCF/B.37/02/Add.09,Consideration of funding proposals – Addendum IX Funding proposal package for FP218,https://www.greenclimate.fund/document/gcf-b37-02-add09,Action item,FP218
GCF/B.36/02/Add.01,Consideration of funding proposals – Addendum I Funding proposal package for FP206,https://www.greenclimate.fund/document/gcf-b36-02-add01,Action item,FP206
GCF/B.36/02/Add.02/Rev.01,Consideration of funding proposals – Addendum II Funding proposal package for FP207,https://www.greenclimate.fund/document/gcf-b36-02-add02-rev01,Action item,FP207
GCF/B.36/02/Add.03,Consideration of funding proposals – Addendum III Funding proposal package for FP208,https://www.greenclimate.fund/document/gcf-b36-02-add03,Action item,FP208
GCF/B.36/02/Add.04,Consideration of funding proposals – Addendum IV Funding proposal package for FP209,https://www.greenclimate.fund/document/gcf-b36-02-add04,Action item,FP209
GCF/B.36/02/Add.05,Consideration of funding proposals – Addendum V Funding proposal package for FP210,https://www.greenclimate.fund/document/gcf-b36-02-add05,Action item,FP210
GCF/B.36/02/Add.06,Consideration of funding proposals – Addendum VI Funding proposal package for FP211,https://www.greenclimate.fund/document/gcf-b36-02-add06,Action item,FP211
GCF/B.36/02/Add.07,Consideration of funding proposals – Addendum VII Funding proposal package for FP212,https://www.greenclimate.fund/document/gcf-b36-02-add07,Action item,FP212
GCF/B.36/02/Add.08,Consideration of funding proposals – Addendum VIII Funding proposal package for FP213,https://www.greenclimate.fund/document/gcf-b36-02-add08,Action item,FP213
GCF/B.36/04,Consideration of funding proposals: Consideration of a request for a change in the environmental and social risk category in respect of funded activity FP010 (“De-Risking and Scaling-up Investment in Energy Efficient Building Retrofits”),https://www.greenclimate.fund/document/gcf-b36-04,Action item,FP010
GCF/BM-2023/03,Status of approved funding proposals: change of currency in respect of FP178 (Desert to Power G5 Sahel Facility),https://www.greenclimate.fund/document/gcf-bm-2023-03,Action item,FP178
GCF/B.35/02/Add.01/Rev.01,Consideration of funding proposals - Addendum I Funding proposal package for FP199,https://www.greenclimate.fund/document/gcf-b35-02-add01-rev01,Action item,FP199
GCF/B.35/02/Add.02/Rev.01,Consideration of funding proposals – Addendum II Funding proposal package for FP200,https://www.greenclimate.fund/document/gcf-b35-02-add02-rev01,Action item,FP200
GCF/B.35/02/Add.03/Rev.01,Consideration of funding proposals - Addendum III Funding proposal package for FP201,https://www.greenclimate.fund/document/gcf-b35-02-add03-rev01,Action item,FP201
GCF/B.35/02/Add.07/Rev.01,Consideration of funding proposals – Addendum VII Funding proposal package for FP205,https://www.greenclimate.fund/document/gcf-b35-02-add07-rev01,Action item,FP205
GCF/B.35/05,Status of approved funding proposals: adding host countries in respect of FP198 (CATALI.5°T Initiative: Concerted Action To Accelerate Local I.5° Technologies – Latin America and West Africa),https://www.greenclimate.fund/document/gcf-b35-05,Action item,FP198
GCF/B.35/02/Add.04,Consideration of funding proposals – Addendum IV Funding proposal package for FP202,https://www.greenclimate.fund/document/gcf-b35-02-add04,Action item,FP202
GCF/B.35/02/Add.05,Consideration of funding proposals - Addendum V Funding proposal package for FP203,https://www.greenclimate.fund/document/gcf-b35-02-add05,Action item,FP203
GCF/B.35/02/Add.06,Consideration of funding proposals – Addendum VI Funding proposal package for FP204,https://www.greenclimate.fund/document/gcf-b35-02-add06,Action item,FP204
GCF/B.34/02/Add.07/Rev.01,Consideration of funding proposals – Addendum VII Funding proposal package for FP197,https://www.greenclimate.fund/document/gcf-b34-02-add07-rev01,Action item,FP197
GCF/B.34/02/Add.01,Consideration of funding proposals – Addendum I Funding proposal package for FP191,https://www.greenclimate.fund/document/gcf-b34-02-add01,Action item,FP191
GCF/B.34/02/Add.02,Consideration of funding proposals - Addendum II Funding proposal package for FP192,https://www.greenclimate.fund/document/gcf-b34-02-add02,Action item,FP192
GCF/B.34/02/Add.03,Consideration of funding proposals - Addendum III Funding proposal package for FP193,https://www.greenclimate.fund/document/gcf-b34-02-add03,Action item,FP193
GCF/B.34/02/Add.06,Consideration of funding proposals – Addendum VI Funding proposal package for FP196,https://www.greenclimate.fund/document/gcf-b34-02-add06,Action item,FP196
GCF/B.34/02/Add.08,Consideration of funding proposals – Addendum VIII Funding proposal package for FP198,https://www.greenclimate.fund/document/gcf-b34-02-add08,Action item,FP198
GCF/B.34/02/Add.04,Consideration of funding proposals - Addendum IV Funding proposal package for FP194,https://www.greenclimate.fund/document/gcf-b34-02-add04,Action item,FP194
GCF/B.34/02/Add.05,Consideration of funding proposals - Addendum V Funding proposal package for FP195,https://www.greenclimate.fund/document/gcf-b34-02-add05,Action item,FP195
GCF/B.33/02/Add.02,Consideration of funding proposals - Addendum II Funding proposal package for FP188,https://www.greenclimate.fund/document/gcf-b33-02-add02,Action item,FP188
GCF/B.33/02/Add.03,Consideration of funding proposals - Addendum III Funding proposal package for FP189,https://www.greenclimate.fund/document/gcf-b33-02-add03,Action item,FP189
GCF/B.33/02/Add.01,Consideration of funding proposals - Addendum I Funding proposal package for FP187,https://www.greenclimate.fund/document/gcf-b33-02-add01,Action item,FP187
GCF/B.33/02/Add.04,Consideration of funding proposals – Addendum IV Funding proposal package for FP190,https://www.greenclimate.fund/document/gcf-b33-02-add04,Action item,FP190
GCF/B.32/02/Add.01,Consideration of funding proposals - Addendum I Funding proposal package for FP184,https://www.greenclimate.fund/document/gcf-b32-02-add01,Action item,FP184
GCF/B.32/02/Add.02,Consideration of funding proposals - Addendum II Funding proposal package for FP185,https://www.greenclimate.fund/document/gcf-b32-02-add02,Action item,FP185
GCF/B.32/02/Add.03,Consideration of funding proposals – Addendum III Funding proposal package for FP186,https://www.greenclimate.fund/document/gcf-b32-02-add03,Action item,FP186
GCF/B.32/03,Status of approved funding proposals: Request for Tranche 2 for FP103 - Promotion of Climate-Friendly Cooking: Kenya and Senegal,https://www.greenclimate.fund/document/gcf-b32-03,Action item,FP103
GCF/B.31/02/Add.01,Consideration of funding proposals - Addendum I Funding proposal package for FP182,https://www.greenclimate.fund/document/gcf-b31-02-add01,Action item,FP182
GCF/B.31/02/Add.02,Consideration of funding proposals - Addendum II Funding proposal package for FP183,https://www.greenclimate.fund/document/gcf-b31-02-add02,Action item,FP183
GCF/B.30/02/Add.12/Rev.01,Consideration of funding proposals – Addendum XII Funding proposal package for FP180,https://www.greenclimate.fund/document/gcf-b30-02-add12-rev01,Action item,FP180
GCF/B.30/02/Add.01,Consideration of funding proposals – Addendum I Funding proposal package for FP169,https://www.greenclimate.fund/document/gcf-b30-02-add01,Action item,FP169
GCF/B.30/02/Add.02,Consideration of funding proposals – Addendum II Funding proposal package for FP170,https://www.greenclimate.fund/document/gcf-b30-02-add02,Action item,FP170
GCF/B.30/02/Add.03,Consideration of funding proposals – Addendum III Funding proposal package for FP171,https://www.greenclimate.fund/document/gcf-b30-02-add03,Action item,FP171
GCF/B.30/02/Add.04,Consideration of funding proposals – Addendum IV Funding proposal package for FP172,https://www.greenclimate.fund/document/gcf-b30-02-add04,Action item,FP172
GCF/B.30/02/Add.05,Consideration of funding proposals – Addendum V Funding proposal package for FP173,https://www.greenclimate.fund/document/gcf-b30-02-add05,Action item,FP173
GCF/B.30/02/Add.06,Consideration of funding proposals – Addendum VI Funding proposal package for FP174,https://www.greenclimate.fund/document/gcf-b30-02-add06,Action item,FP174
GCF/B.30/02/Add.07,Consideration of funding proposals – Addendum VII Funding proposal package for FP175,https://www.greenclimate.fund/document/gcf-b30-02-add07,Action item,FP175
GCF/B.30/02/Add.08,Consideration of funding proposals – Addendum VIII Funding proposal package for FP176,https://www.greenclimate.fund/document/gcf-b30-02-add08,Action item,FP176
GCF/B.30/02/Add.10,Consideration of funding proposals – Addendum X Funding proposal package for FP178,https://www.greenclimate.fund/document/gcf-b30-02-add10,Action item,FP178
GCF/B.30/02/Add.11,Consideration of funding proposals – Addendum XI Funding proposal package for FP179,https://www.greenclimate.fund/document/gcf-b30-02-add11,Action item,FP179
GCF/B.30/02/Add.13,Consideration of funding proposals – Addendum XIII Funding proposal package for FP181,https://www.greenclimate.fund/document/gcf-b30-02-add13,Action item,FP181
GCF/B.30/02/Add.09,Consideration of funding proposals – Addendum IX Funding proposal package for FP177,https://www.greenclimate.fund/document/gcf-b30-02-add09,Action item,FP177
GCF/B.29/02/Add.03/Rev.02,Consideration of funding proposals - Addendum III Funding proposal package for FP167,https://www.greenclimate.fund/document/gcf-b29-02-add03-rev02,Action item,FP167
GCF/B.29/02/Add.01,Consideration of funding proposals - Addendum I Funding proposal package for FP165,https://www.greenclimate.fund/document/gcf-b29-02-add01,Action item,FP165
GCF/B.29/02/Add.04,Consideration of funding proposals – Addendum IV Funding proposal package for FP168,https://www.greenclimate.fund/document/gcf-b29-02-add04,Action item,FP168
GCF/B.29/02/Add.02,Consideration of funding proposals - Addendum II Funding proposal package for FP166,https://www.greenclimate.fund/document/gcf-b29-02-add02,Action item,FP166
GCF/B.28/02/Add.03/Rev.01,Consideration of funding proposals - Addendum III: Funding proposal package for FP156,https://www.greenclimate.fund/document/gcf-b28-02-add03-rev01,Action item,FP156
GCF/B.28/02/Add.01/Rev.01,Consideration of funding proposals - Addendum I: Funding proposal package for FP154,https://www.greenclimate.fund/document/gcf-b28-02-add01-rev01,Action item,FP154
GCF/B.28/02/Add.07/Rev.01,Consideration of funding proposals - Addendum VII: Funding proposal package for FP160,https://www.greenclimate.fund/document/gcf-b28-02-add07-rev01,Action item,FP160
GCF/B.28/02/Add.02,Consideration of funding proposals - Addendum II: Funding proposal package for FP155,https://www.greenclimate.fund/document/gcf-b28-02-add02,Action item,FP155
GCF/B.28/02/Add.04,Consideration of funding proposals - Addendum IV: Funding proposal package for FP157,https://www.greenclimate.fund/document/gcf-b28-02-add04,Action item,FP157
GCF/B.28/02/Add.06,Consideration of funding proposals - Addendum VI: Funding proposal package for FP159,https://www.greenclimate.fund/document/gcf-b28-02-add06,Action item,FP159
GCF/B.28/02/Add.09,Consideration of funding proposals - Addendum IX: Funding proposal package for FP162,https://www.greenclimate.fund/document/gcf-b28-02-add09,Action item,FP162
GCF/B.28/02/Add.10,Consideration of funding proposals - Addendum X: Funding proposal package for FP163,https://www.greenclimate.fund/document/gcf-b28-02-add10,Action item,FP163
GCF/B.28/02/Add.05,Consideration of funding proposals - Addendum V: Funding proposal package for FP158,https://www.greenclimate.fund/document/gcf-b28-02-add05,Action item,FP158
GCF/B.28/02/Add.08,Consideration of funding proposals - Addendum VIII: Funding proposal package for FP161,https://www.greenclimate.fund/document/gcf-b28-02-add08,Action item,FP161
GCF/B.28/02/Add.11,Consideration of funding proposals – Addendum XI: Funding proposal package for FP164,https://www.greenclimate.fund/document/gcf-b28-02-add11,Action item,FP164
GCF/B.27/02/Add.06/Rev.01,Consideration of funding proposals - Addendum VI Funding proposal package for FP146,https://www.greenclimate.fund/document/gcf-b27-02-add06-rev01,Action item,FP146
GCF/B.27/02/Add.10/Rev.01,Consideration of funding proposals – Addendum X: Funding proposal package for FP150,https://www.greenclimate.fund/document/gcf-b27-02-add10-rev01,Action item,FP150
GCF/B.27/02/Add.01,Consideration of funding proposals - Addendum I Funding proposal package for FP141,https://www.greenclimate.fund/document/gcf-b27-02-add01,Action item,FP141
GCF/B.27/02/Add.02,Consideration of funding proposals - Addendum II Funding proposal package for FP142,https://www.greenclimate.fund/document/gcf-b27-02-add02,Action item,FP142
GCF/B.27/02/Add.03,Consideration of funding proposals - Addendum III Funding proposal package for FP143,https://www.greenclimate.fund/document/gcf-b27-02-add03,Action item,FP143
GCF/B.27/02/Add.04,Consideration of funding proposals - Addendum IV Funding proposal package for FP144,https://www.greenclimate.fund/document/gcf-b27-02-add04,Action item,FP144
GCF/B.27/02/Add.05,Consideration of funding proposals - Addendum V Funding proposal package for FP145,https://www.greenclimate.fund/document/gcf-b27-02-add05,Action item,FP145
GCF/B.27/02/Add.07,Consideration of funding proposals - Addendum VII Funding proposal package for FP147,https://www.greenclimate.fund/document/gcf-b27-02-add07,Action item,FP147
GCF/B.27/02/Add.08,Consideration of funding proposals – Addendum VIII Funding proposal package for FP148,https://www.greenclimate.fund/document/gcf-b27-02-add08,Action item,FP148
GCF/B.27/02/Add.09,Consideration of funding proposals – Addendum IX Funding proposal package for FP149,https://www.greenclimate.fund/document/gcf-b27-02-add09,Action item,FP149
GCF/B.27/02/Add.11,Consideration of funding proposals – Addendum XI Funding proposal package for FP151,https://www.greenclimate.fund/document/gcf-b27-02-add11,Action item,FP151
GCF/B.27/02/Add.12,Consideration of funding proposals – Addendum XII Funding proposal package for FP152,https://www.greenclimate.fund/document/gcf-b27-02-add12,Action item,FP152
GCF/B.27/02/Add.13,Consideration of funding proposals – Addendum XIII Funding proposal package for FP153,https://www.greenclimate.fund/document/gcf-b27-02-add13,Action item,FP153
GCF/B.26/02/Add.01,Consideration of funding proposals - Addendum I Funding proposal package for FP129,https://www.greenclimate.fund/document/gcf-b26-02-add01,Action item,FP129
GCF/B.26/02/Add.02,Consideration of funding proposals - Addendum II Funding proposal package for FP130,https://www.greenclimate.fund/document/gcf-b26-02-add02,Action item,FP130
GCF/B.26/02/Add.03,Consideration of funding proposals - Addendum III Funding proposal package for FP131,https://www.greenclimate.fund/document/gcf-b26-02-add03,Action item,FP131
GCF/B.26/02/Add.04,Consideration of funding proposals - Addendum IV Funding proposal package for FP132,https://www.greenclimate.fund/document/gcf-b26-02-add04,Action item,FP132
GCF/B.26/02/Add.05,Consideration of funding proposals - Addendum V Funding proposal package for FP133,https://www.greenclimate.fund/document/gcf-b26-02-add05,Action item,FP133
GCF/B.26/02/Add.06,Consideration of funding proposals - Addendum VI Funding proposal package for FP134,https://www.greenclimate.fund/document/gcf-b26-02-add06,Action item,FP134
GCF/B.26/02/Add.07,Consideration of funding proposals - Addendum VII Funding proposal package for FP135,https://www.greenclimate.fund/document/gcf-b26-02-add07,Action item,FP135
GCF/B.26/02/Add.08,Consideration of funding proposals - Addendum VIII Funding proposal package for FP136,https://www.greenclimate.fund/document/gcf-b26-02-add08,Action item,FP136
GCF/B.26/02/Add.09,Consideration of funding proposals - Addendum IX Funding proposal package for FP137,https://www.greenclimate.fund/document/gcf-b26-02-add09,Action item,FP137
GCF/B.26/02/Add.10,Consideration of funding proposals - Addendum X Funding proposal package for FP138,https://www.greenclimate.fund/document/gcf-b26-02-add10,Action item,FP138
GCF/B.26/02/Add.11,Consideration of funding proposals - Addendum XI Funding proposal package for FP139,https://www.greenclimate.fund/document/gcf-b26-02-add11,Action item,FP139
GCF/B.26/02/Add.12,Consideration of funding proposals - Addendum XII Funding proposal package for FP140,https://www.greenclimate.fund/document/gcf-b26-02-add12,Action item,FP140
GCF/B.25/02/Add.01,Consideration of funding proposals - Addendum I Funding proposal package for FP124,https://www.greenclimate.fund/document/gcf-b25-02-add01,Action item,FP124
GCF/B.25/02/Add.02,Consideration of funding proposals - Addendum II Funding proposal package for FP125,https://www.greenclimate.fund/document/gcf-b25-02-add02,Action item,FP125
GCF/B.25/02/Add.03,Consideration of funding proposals - Addendum III Funding proposal package for FP126,https://www.greenclimate.fund/document/gcf-b25-02-add03,Action item,FP126
GCF/B.25/02/Add.04,Consideration of funding proposals - Addendum IV Funding proposal package for FP127,https://www.greenclimate.fund/document/gcf-b25-02-add04,Action item,FP127
GCF/B.25/02/Add.05,Consideration of funding proposals – Addendum V Funding proposal package for FP128,https://www.greenclimate.fund/document/gcf-b25-02-add05,Action item,FP128
GCF/B.24/02/Add.09/Rev.01,Consideration of funding proposals – Addendum IX: Funding proposal package for FP123,https://www.greenclimate.fund/document/gcf-b24-02-add09-rev01,Action item,FP123
GCF/B.24/02/Add.05,Consideration of funding proposals - Addendum V: Funding proposal package for FP119,https://www.greenclimate.fund/document/gcf-b24-02-add05,Action item,FP119
GCF/B.24/02/Add.02,Consideration of funding proposals - Addendum II: Funding proposal package for FP116,https://www.greenclimate.fund/document/gcf-b24-02-add02,Action item,FP116
GCF/B.24/02/Add.03,Consideration of funding proposals - Addendum III: Funding proposal package for FP117,https://www.greenclimate.fund/document/gcf-b24-02-add03,Action item,FP117
GCF/B.24/02/Add.01,Consideration of funding proposals - Addendum I: Funding proposal package for FP082,https://www.greenclimate.fund/document/gcf-b24-02-add01,Action item,FP082
GCF/B.24/02/Add.04,Consideration of funding proposals - Addendum IV: Funding proposal package for FP118,https://www.greenclimate.fund/document/gcf-b24-02-add04,Action item,FP118
GCF/B.24/02/Add.06,Consideration of funding proposals - Addendum VI: Funding proposal package for FP120,https://www.greenclimate.fund/document/gcf-b24-02-add06,Action item,FP120
GCF/B.24/02/Add.07,Consideration of funding proposals - Addendum VII: Funding proposal package for FP121,https://www.greenclimate.fund/document/gcf-b24-02-add07,Action item,FP121
GCF/B.24/02/Add.08,Consideration of funding proposals - Addendum VIII: Funding proposal package for FP122,https://www.greenclimate.fund/document/gcf-b24-02-add08,Action item,FP122
GCF/B.23/02/Add.04,Consideration of funding proposals - Addendum IV Funding proposal package for FP110,https://www.greenclimate.fund/document/gcf-b23-02-add04,Action item,FP110
GCF/B.23/02/Add.07,Consideration of funding proposals - Addendum VII Funding proposal package for FP113,https://www.greenclimate.fund/document/gcf-b23-02-add07,Action item,FP113
GCF/B.23/02/Add.08,Consideration of funding proposals – Addendum VIII Funding proposal package for FP114,https://www.greenclimate.fund/document/gcf-b23-02-add08,Action item,FP114
GCF/B.23/02/Add.05,Consideration of funding proposals - Addendum V Funding proposal package for FP111,https://www.greenclimate.fund/document/gcf-b23-02-add05,Action item,FP111
GCF/B.23/02/Add.06,Consideration of funding proposals - Addendum VI Funding proposal package for FP112,https://www.greenclimate.fund/document/gcf-b23-02-add06,Action item,FP112
GCF/B.23/02/Add.03,Consideration of funding proposals - Addendum III Funding proposal package for FP109,https://www.greenclimate.fund/document/gcf-b23-02-add03,Action item,FP109
GCF/B.23/02/Add.09,Consideration of funding proposals – Addendum IX Funding proposal package for FP115,https://www.greenclimate.fund/document/gcf-b23-02-add09,Action item,FP115
GCF/B.23/02/Add.01,Consideration of funding proposals - Addendum I Funding proposal package for FP107,https://www.greenclimate.fund/document/gcf-b23-02-add01,Action item,FP107
GCF/B.23/02/Add.02,Consideration of funding proposals - Addendum II Funding proposal package for FP108,https://www.greenclimate.fund/document/gcf-b23-02-add02,Action item,FP108
GCF/B.22/10/Add.18,Consideration of funding proposals – Addendum XVIII: Additional Update on FP017 (Climate Action and Solar Energy Development Programme in the Tarapaca Region in Chile),https://www.greenclimate.fund/document/gcf-b22-10-add18,Action item,FP017
GCF/B.22/10/Add.01/Rev.01,Consideration of funding proposals - Addendum I Funding proposal package for FP082,https://www.greenclimate.fund/document/gcf-b22-10-add01-rev01,Action item,FP082
GCF/B.22/10/Add.10/Rev.01,Consideration of funding proposals – Addendum X Funding proposal package for FP106,https://www.greenclimate.fund/document/gcf-b22-10-add10-rev01,Action item,FP106
GCF/B.22/10/Add.02,Consideration of funding proposals - Addendum II Funding proposal package for FP100,https://www.greenclimate.fund/document/gcf-b22-10-add02,Action item,FP100
GCF/B.22/10/Add.09,Consideration of funding proposals – Addendum IX Funding proposal package for FP105,https://www.greenclimate.fund/document/gcf-b22-10-add09,Action item,FP105
GCF/B.22/10/Add.08,Consideration of funding proposals – Addendum VIII Funding proposal package for FP104,https://www.greenclimate.fund/document/gcf-b22-10-add08,Action item,FP104
GCF/B.22/10/Add.05,Consideration of funding proposals - Addendum V Funding proposal package for FP103,https://www.greenclimate.fund/document/gcf-b22-10-add05,Action item,FP103
GCF/B.22/10/Add.04,Consideration of funding proposals - Addendum IV Funding proposal package for FP102,https://www.greenclimate.fund/document/gcf-b22-10-add04,Action item,FP102
GCF/B.22/10/Add.03,Consideration of funding proposals - Addendum III Funding proposal package for FP101,https://www.greenclimate.fund/document/gcf-b22-10-add03,Action item,FP101
GCF/B.21/10/Add.21/Rev.01,Consideration of funding proposals – Addendum XXI: Funding proposal package for FP099,https://www.greenclimate.fund/document/gcf-b21-10-add21-rev01,Action item,FP099
GCF/B.21/10/Add.07/Rev.01,Consideration of funding proposals - Addendum VII: Funding proposal package for FP088,https://www.greenclimate.fund/document/gcf-b21-10-add07-rev01,Action item,FP088
GCF/B.21/10/Add.02/Rev.01,Consideration of funding proposals - Addendum II: Funding proposal package for FP083,https://www.greenclimate.fund/document/gcf-b21-10-add02-rev01,Action item,FP083
GCF/B.21/10/Add.20,Consideration of funding proposals – Addendum XX Funding proposal package for FP098,https://www.greenclimate.fund/document/gcf-b21-10-add20,Action item,FP098
GCF/B.21/10/Add.18,Consideration of funding proposals – Addendum XVIII Funding proposal package for FP096,https://www.greenclimate.fund/document/gcf-b21-10-add18,Action item,FP096
GCF/B.21/10/Add.17,Consideration of funding proposals – Addendum XVII Funding proposal package for FP095,https://www.greenclimate.fund/document/gcf-b21-10-add17,Action item,FP095
GCF/B.21/10/Add.13,Consideration of funding proposals - Addendum XIII Funding proposal package for FP094,https://www.greenclimate.fund/document/gcf-b21-10-add13,Action item,FP094
GCF/B.21/10/Add.12,Consideration of funding proposals - Addendum XII Funding proposal package for FP093,https://www.greenclimate.fund/document/gcf-b21-10-add12,Action item,FP093
GCF/B.21/10/Add.11,Consideration of funding proposals - Addendum XI Funding proposal package for FP092,https://www.greenclimate.fund/document/gcf-b21-10-add11,Action item,FP092
GCF/B.21/10/Add.10,Consideration of funding proposals - Addendum X Funding proposal package for FP091,https://www.greenclimate.fund/document/gcf-b21-10-add10,Action item,FP091
GCF/B.21/10/Add.09,Consideration of funding proposals - Addendum IX Funding proposal package for FP090,https://www.greenclimate.fund/document/gcf-b21-10-add09,Action item,FP090
GCF/B.21/10/Add.08,Consideration of funding proposals - Addendum VIII Funding proposal package for FP089,https://www.greenclimate.fund/document/gcf-b21-10-add08,Action item,FP089
GCF/B.21/10/Add.06,Consideration of funding proposals - Addendum VI Funding proposal package for FP087,https://www.greenclimate.fund/document/gcf-b21-10-add06,Action item,FP087
GCF/B.21/10/Add.04,Consideration of funding proposals - Addendum IV Funding proposal package for FP085,https://www.greenclimate.fund/document/gcf-b21-10-add04,Action item,FP085
GCF/B.21/10/Add.03,Consideration of funding proposals - Addendum III Funding proposal package for FP084,https://www.greenclimate.fund/document/gcf-b21-10-add03,Action item,FP084
GCF/B.21/10/Add.01,Consideration of funding proposals - Addendum I Funding proposal package for FP082,https://www.greenclimate.fund/document/gcf-b21-10-add01,Action item,FP082
GCF/B.21/10/Add.19,Consideration of funding proposals – Addendum XIX Funding proposal package for FP097,https://www.greenclimate.fund/document/gcf-b21-10-add19,Action item,FP097
GCF/B.21/10/Add.05,Consideration of funding proposals - Addendum V Funding proposal package for FP086,https://www.greenclimate.fund/document/gcf-b21-10-add05,Action item,FP086
GCF/B.20/10/Add. 09,Consideration of funding proposals – Addendum IX Funding proposal package for FP090,https://www.greenclimate.fund/document/gcf-b20-10-add-09,Action item,FP090
GCF/B.20/10/Add.08,Consideration of funding proposals – Addendum VIII Funding proposal package for FP089,https://www.greenclimate.fund/document/gcf-b20-10-add08,Action item,FP089
GCF/B.20/10/Add.07,Consideration of funding proposals – Addendum VII Funding proposal package for FP088,https://www.greenclimate.fund/document/gcf-b20-10-add07,Action item,FP088
GCF/B.20/10/Add.06,Consideration of funding proposals – Addendum VI Funding proposal package for FP087,https://www.greenclimate.fund/document/gcf-b20-10-add06,Action item,FP087
GCF/B.20/10/Add.05,Consideration of funding proposals – Addendum V Funding proposal package for FP086,https://www.greenclimate.fund/document/gcf-b20-10-add05,Action item,FP086
GCF/B.20/10/Add.04,Consideration of funding proposals – Addendum IV Funding proposal package for FP085,https://www.greenclimate.fund/document/gcf-b20-10-add04,Action item,FP085
GCF/B.20/10/Add.03,Consideration of funding proposals – Addendum III Funding proposal package for FP084,https://www.greenclimate.fund/document/gcf-b20-10-add03,Action item,FP084
GCF/B.20/10/Add.02,Consideration of funding proposals – Addendum II Funding proposal package for FP083,https://www.greenclimate.fund/document/gcf-b20-10-add02,Action item,FP083
GCF/B.20/10/Add.01,Consideration of funding proposals – Addendum I Funding proposal package for FP082,https://www.greenclimate.fund/document/gcf-b20-10-add01,Action item,FP082
GCF/B.19/22/Add.16/Rev.01,Funding proposal package for FP074,https://www.greenclimate.fund/document/gcf-b19-22-add16-rev01,Action item,FP074
GCF/B.19/22/Add.12/Rev.01,Funding proposal package for FP070,https://www.greenclimate.fund/document/gcf-b19-22-add12-rev01,Action item,FP070
GCF/B.19/22/Add.08/Rev.01,Funding proposal package for FP066,https://www.greenclimate.fund/document/gcf-b19-22-add08-rev01,Action item,FP066
GCF/B.19/22/Add.21/Rev.01,Funding proposal package for FP079,https://www.greenclimate.fund/document/gcf-b19-22-add21-rev01,Action item,FP079
GCF/B.19/22/Add.19,Funding proposal package for FP077,https://www.greenclimate.fund/document/gcf-b19-22-add19,Action item,FP077
GCF/B.19/22/Add.18,Funding proposal package for FP076,https://www.greenclimate.fund/document/gcf-b19-22-add18,Action item,FP076
GCF/B.19/22/Add.17,Funding proposal package for FP075,https://www.greenclimate.fund/document/gcf-b19-22-add17,Action item,FP075
GCF/B.19/22/Add.15,Funding proposal package for FP073,https://www.greenclimate.fund/document/gcf-b19-22-add15,Action item,FP073
GCF/B.19/22/Add.14,Funding proposal package for FP072,https://www.greenclimate.fund/document/gcf-b19-22-add14,Action item,FP072
GCF/B.19/22/Add.11,Funding proposal package for FP069,https://www.greenclimate.fund/document/gcf-b19-22-add11,Action item,FP069
GCF/B.19/22/Add.10,Funding proposal package for FP068,https://www.greenclimate.fund/document/gcf-b19-22-add10,Action item,FP068
GCF/B.19/22/Add.09,Funding proposal package for FP067,https://www.greenclimate.fund/document/gcf-b19-22-add09,Action item,FP067
GCF/B.19/22/Add.06,Funding proposal package for FP064,https://www.greenclimate.fund/document/gcf-b19-22-add06,Action item,FP064
GCF/B.19/22/Add.05,Funding proposal package for FP063,https://www.greenclimate.fund/document/gcf-b19-22-add05,Action item,FP063
GCF/B.19/22/Add.03,Funding proposal package for FP061,https://www.greenclimate.fund/document/gcf-b19-22-add03,Action item,FP061
GCF/B.19/22/Add.02,Funding proposal package for FP060,https://www.greenclimate.fund/document/gcf-b19-22-add02,Action item,FP060
GCF/B.19/22/Add.01,Funding proposal package for FP059,https://www.greenclimate.fund/document/gcf-b19-22-add01,Action item,FP059
GCF/B.19/22/Add.23,Funding proposal package for FP081,https://www.greenclimate.fund/document/gcf-b19-22-add23,Action item,FP081
GCF/B.19/22/Add.20,Funding proposal package for FP078,https://www.greenclimate.fund/document/gcf-b19-22-add20,Action item,FP078
GCF/B.19/22/Add.22,Funding proposal package for FP080,https://www.greenclimate.fund/document/gcf-b19-22-add22,Action item,FP080
GCF/B.19/22/Add.04,Funding proposal package for FP062,https://www.greenclimate.fund/document/gcf-b19-22-add04,Action item,FP062
GCF/B.19/22/Add.13,Funding proposal package for FP071,https://www.greenclimate.fund/document/gcf-b19-22-add13,Action item,FP071
GCF/B.19/22/Add.07,Funding proposal package for FP065,https://www.greenclimate.fund/document/gcf-b19-22-add07,Action item,FP065
GCF/B.18/04/Add.04,Funding proposal package for FP049,https://www.greenclimate.fund/document/gcf-b18-04-add04,Action item,FP049
GCF/B.18/04/Add.09,Funding proposal package for FP054,https://www.greenclimate.fund/document/gcf-b18-04-add09,Action item,FP054
GCF/B.18/04/Add.08,Funding proposal package for FP053,https://www.greenclimate.fund/document/gcf-b18-04-add08,Action item,FP053
GCF/B.18/04/Add.07,Funding proposal package for FP052,https://www.greenclimate.fund/document/gcf-b18-04-add07,Action item,FP052
GCF/B.18/04/Add.06,Funding proposal package for FP051,https://www.greenclimate.fund/document/gcf-b18-04-add06,Action item,FP051
GCF/B.18/04/Add.05,Funding proposal package for FP050,https://www.greenclimate.fund/document/gcf-b18-04-add05,Action item,FP050
GCF/B.18/04/Add.10/Rev.01,Funding proposal package for FP055,https://www.greenclimate.fund/document/gcf-b18-04-add10-rev01,Action item,FP055
GCF/B.18/04/Add.12,Funding proposal package for FP057,https://www.greenclimate.fund/document/gcf-b18-04-add12,Action item,FP057
GCF/B.18/04/Add.13,Funding proposal package for FP058,https://www.greenclimate.fund/document/gcf-b18-04-add13,Action item,FP058
GCF/B.18/04/Add.11,Funding proposal package for FP056,https://www.greenclimate.fund/document/gcf-b18-04-add11,Action item,FP056
GCF/B.18/04/Add.02,Funding proposal package for FP047,https://www.greenclimate.fund/document/gcf-b18-04-add02,Action item,FP047
GCF/B.18/04/Add.03,Funding proposal package for FP048,https://www.greenclimate.fund/document/gcf-b18-04-add03,Action item,FP048
GCF/B.18/04/Add.01,Funding proposal package for FP046,https://www.greenclimate.fund/document/gcf-b18-04-add01,Action item,FP046
GCF/B.16/07/Add.01/Rev.01,Funding proposal package for FP038,https://www.greenclimate.fund/document/gcf-b16-07-add01-rev01,Action item,FP038
GCF/B.16/07/Add.02,Funding proposal package for FP039,https://www.greenclimate.fund/document/gcf-b16-07-add02,Action item,FP039
GCF/B.16/07/Add.09,Funding proposal package for FP046,https://www.greenclimate.fund/document/gcf-b16-07-add09,Action item,FP046
GCF/B.16/07/Add.08,Funding proposal package for FP045,https://www.greenclimate.fund/document/gcf-b16-07-add08,Action item,FP045
GCF/B.16/07/Add.07,Funding proposal package for FP044,https://www.greenclimate.fund/document/gcf-b16-07-add07,Action item,FP044
GCF/B.16/07/Add.06,Funding proposal package for FP043,https://www.greenclimate.fund/document/gcf-b16-07-add06,Action item,FP043
GCF/B.16/07/Add.05,Funding proposal package for FP042,https://www.greenclimate.fund/document/gcf-b16-07-add05,Action item,FP042
GCF/B.16/07/Add.04,Funding proposal package for FP041,https://www.greenclimate.fund/document/gcf-b16-07-add04,Action item,FP041
GCF/B.16/07/Add.03,Funding proposal package for FP040,https://www.greenclimate.fund/document/gcf-b16-07-add03,Action item,FP040
GCF/B.15/13/Add.09/Corr.01,Funding proposal package for FP036 - Corrigendum,https://www.greenclimate.fund/document/gcf-b15-13-add09-corr01,Action item,FP036
GCF/B.15/13/Add.09,Funding proposal package for FP036,https://www.greenclimate.fund/document/gcf-b15-13-add09,Action item,FP036
GCF/B.15/13/Add.01,Funding proposal summary package for FP028,https://www.greenclimate.fund/document/gcf-b15-13-add01,Action item,FP028
GCF/B.15/13/Add.02/Rev.01,Funding proposal summary package for FP029,https://www.greenclimate.fund/document/gcf-b15-13-add02-rev01,Action item,FP029
GCF/B.15/13/Add.03,Funding proposal summary package for FP030,https://www.greenclimate.fund/document/gcf-b15-13-add03,Action item,FP030
GCF/B.15/13/Add.05,Funding proposal package for FP032,https://www.greenclimate.fund/document/gcf-b15-13-add05,Action item,FP032
GCF/B.15/13/Add.06,Funding proposal package for FP033,https://www.greenclimate.fund/document/gcf-b15-13-add06,Action item,FP033
GCF/B.15/13/Add.07,Funding proposal package for FP034,https://www.greenclimate.fund/document/gcf-b15-13-add07,Action item,FP034
GCF/B.15/13/Add.08,Funding proposal package for FP035,https://www.greenclimate.fund/document/gcf-b15-13-add08,Action item,FP035
GCF/B.15/13/Add.10,Funding proposal package for FP037,https://www.greenclimate.fund/document/gcf-b15-13-add10,Action item,FP037
GCF/B.14/07/Add.08/Rev.01,Funding proposal package for FP025,https://www.greenclimate.fund/document/gcf-b14-07-add08-rev01,Action item,FP025
GCF/B.14/07/Add.09,Funding proposal package for FP026,https://www.greenclimate.fund/document/gcf-b14-07-add09,Action item,FP026
GCF/B.14/07/Add.07,Funding proposal package for FP024,https://www.greenclimate.fund/document/gcf-b14-07-add07,Action item,FP024
GCF/B.14/07/Add.06,Funding proposal package for FP023,https://www.greenclimate.fund/document/gcf-b14-07-add06,Action item,FP023
GCF/B.14/07/Add.05,Funding proposal package for FP022,https://www.greenclimate.fund/document/gcf-b14-07-add05,Action item,FP022
GCF/B.14/07/Add.04,Funding proposal package for FP021,https://www.greenclimate.fund/document/gcf-b14-07-add04,Action item,FP021
GCF/B.14/07/Add.03,Funding proposal package for FP020,https://www.greenclimate.fund/document/gcf-b14-07-add03,Action item,FP020
GCF/B.14/07/Add.02,Funding proposal package for FP019,https://www.greenclimate.fund/document/gcf-b14-07-add02,Action item,FP019
GCF/B.14/07/Add.01,Funding proposal package for FP018,https://www.greenclimate.fund/document/gcf-b14-07-add01,Action item,FP018
GCF/B.14/07/Add.10,Funding proposal package for FP027,https://www.greenclimate.fund/document/gcf-b14-07-add10,Action item,FP027
GCF/B.13/16/ADD.09,Funding proposal package for FP017,https://www.greenclimate.fund/document/gcf-b13-16-add09,Action item,FP017
GCF/B.13/16/Add.07,Funding proposal package for FP015,https://www.greenclimate.fund/document/gcf-b13-16-add07,Action item,FP015
GCF/B.13/16/Add.04,Funding proposal package for FP012,https://www.greenclimate.fund/document/gcf-b13-16-add04,Action item,FP012
GCF/B.13/16/Add.08,Funding proposal package for FP016,https://www.greenclimate.fund/document/gcf-b13-16-add08,Action item,FP016
GCF/B.13/16/Add.06,Funding proposal package for FP014,https://www.greenclimate.fund/document/gcf-b13-16-add06,Action item,FP014
GCF/B.13/16/Add.05,Funding proposal package for FP013,https://www.greenclimate.fund/document/gcf-b13-16-add05,Action item,FP013
GCF/B.13/16/Add.03,Funding proposal package for FP011,https://www.greenclimate.fund/document/gcf-b13-16-add03,Action item,FP011
GCF/B.13/16/Add.02,Funding proposal package for FP010,https://www.greenclimate.fund/document/gcf-b13-16-add02,Action item,FP010
GCF/B.13/16/Add.01,Funding proposal package for FP009,https://www.greenclimate.fund/document/gcf-b13-16-add01,Action item,FP009
GCF/B.11/04/ADD.05/REV.01,Funding proposal package for FP005,https://www.greenclimate.fund/document/gcf-b11-04-add05-rev01,Action item,FP005
GCF/B.11/04/ADD.01,Funding proposal package for FP001,https://www.greenclimate.fund/document/gcf-b11-04-add01,Action item,FP001
GCF/B.11/04/ADD.02,Funding proposal package for FP002,https://www.greenclimate.fund/document/gcf-b11-04-add02,Action item,FP002
GCF/B.11/04/ADD.03,Funding proposal package for FP003,https://www.greenclimate.fund/document/gcf-b11-04-add03,Action item,FP003
GCF/B.11/04/ADD.04,Funding proposal package for FP004,https://www.greenclimate.fund/document/gcf-b11-04-add04,Action item,FP004
GCF/B.11/04/ADD.06,Funding proposal package for FP006,https://www.greenclimate.fund/document/gcf-b11-04-add06,Action item,FP006
GCF/B.11/04/ADD.07,Funding proposal package for FP007,https://www.greenclimate.fund/document/gcf-b11-04-add07,Action item,FP007
GCF/B.11/04/ADD.08,Funding proposal package for FP008,https://www.greenclimate.fund/document/gcf-b11-04-add08,Action item,FP008
